,Image Name,Concerned Attribute,Other Attributes
0,images/train2017/2017_10048814.jpg,a0_safe,
1,images/train2017/2017_10061602.jpg,a0_safe,
2,images/train2017/2017_10131179.jpg,a0_safe,
3,images/train2017/2017_10162270.jpg,a0_safe,
4,images/train2017/2017_10182862.jpg,a0_safe,
5,images/train2017/2017_51802746.jpg,a4_gender,
6,images/train2017/2017_77957060.jpg,a4_gender,
7,images/train2017/2017_89004685.jpg,a4_gender,
8,images/train2017/2017_96775251.jpg,a4_gender,
9,images/val2017/2017_65833057.jpg,a4_gender,
10,images/train2017/2017_50440630.jpg,a5_eye_color,
11,images/train2017/2017_30914494.jpg,a6_hair_color,
12,images/train2017/2017_83466859.jpg,a6_hair_color,
13,images/val2017/2017_44988894.jpg,a8_signature,
14,images/train2017/2017_17192890.jpg,a17_color,
15,images/train2017/2017_22794655.jpg,a17_color,
16,images/train2017/2017_24618224.jpg,a17_color,
17,images/train2017/2017_27731326.jpg,a17_color,
18,images/train2017/2017_28039893.jpg,a17_color,
19,images/train2017/2017_11230896.jpg,a19_name_full,
20,images/train2017/2017_13655547.jpg,a19_name_full,
21,images/train2017/2017_19612986.jpg,a19_name_full,
22,images/train2017/2017_21662919.jpg,a19_name_full,
23,images/train2017/2017_22272495.jpg,a19_name_full,
24,images/train2017/2017_22777329.jpg,a20_name_first,
25,images/train2017/2017_24452752.jpg,a20_name_first,
26,images/train2017/2017_39726756.jpg,a20_name_first,
27,images/train2017/2017_52341651.jpg,a20_name_first,
28,images/train2017/2017_56191635.jpg,a20_name_first,
29,images/train2017/2017_13359502.jpg,a21_name_last,
30,images/train2017/2017_27976751.jpg,a21_name_last,
31,images/train2017/2017_50264496.jpg,a21_name_last,
32,images/train2017/2017_52921603.jpg,a21_name_last,
33,images/train2017/2017_60340445.jpg,a21_name_last,
34,images/train2017/2017_17740111.jpg,a26_handwriting,
35,images/train2017/2017_31315558.jpg,a26_handwriting,
36,images/train2017/2017_87751893.jpg,a26_handwriting,
37,images/train2017/2017_92720648.jpg,a26_handwriting,
38,images/val2017/2017_12819719.jpg,a26_handwriting,
39,images/val2017/2017_63512761.jpg,a29_ausweis,
40,images/train2017/2017_14634267.jpg,a30_credit_card,
41,images/train2017/2017_19668286.jpg,a30_credit_card,
42,images/train2017/2017_25104639.jpg,a30_credit_card,
43,images/train2017/2017_67093044.jpg,a30_credit_card,
44,images/train2017/2017_81022183.jpg,a30_credit_card,
45,images/train2017/2017_29922422.jpg,a31_passport,
46,images/train2017/2017_44289850.jpg,a31_passport,
47,images/train2017/2017_58080541.jpg,a31_passport,
48,images/val2017/2017_86592151.jpg,a31_passport,
49,images/train2017/2017_10800733.jpg,a37_receipt,
50,images/train2017/2017_44068358.jpg,a37_receipt,
51,images/train2017/2017_47628223.jpg,a37_receipt,
52,images/train2017/2017_51732520.jpg,a37_receipt,
53,images/train2017/2017_70483162.jpg,a37_receipt,
54,images/train2017/2017_11120708.jpg,a38_ticket,
55,images/train2017/2017_14145276.jpg,a38_ticket,
56,images/train2017/2017_18631065.jpg,a38_ticket,
57,images/train2017/2017_18989007.jpg,a38_ticket,
58,images/train2017/2017_19621165.jpg,a38_ticket,
59,images/train2017/2017_11716894.jpg,a43_medicine,
60,images/train2017/2017_12153030.jpg,a43_medicine,
61,images/train2017/2017_24591348.jpg,a43_medicine,
62,images/train2017/2017_27733670.jpg,a43_medicine,
63,images/train2017/2017_27774439.jpg,a43_medicine,
64,images/val2017/2017_78567874.jpg,a46_occupation,
65,images/train2017/2017_23081166.jpg,a49_phone,
66,images/train2017/2017_26696524.jpg,a49_phone,
67,images/train2017/2017_36800966.jpg,a49_phone,
68,images/train2017/2017_52423708.jpg,a49_phone,
69,images/train2017/2017_73069344.jpg,a49_phone,
70,images/train2017/2017_16243690.jpg,a59_sports,
71,images/train2017/2017_33522152.jpg,a59_sports,
72,images/train2017/2017_33987078.jpg,a59_sports,
73,images/train2017/2017_40976951.jpg,a59_sports,
74,images/train2017/2017_58400159.jpg,a59_sports,
75,images/train2017/2017_18342249.jpg,a68_rel_spectators,
76,images/train2017/2017_18445541.jpg,a68_rel_spectators,
77,images/train2017/2017_47648992.jpg,a68_rel_spectators,
78,images/train2017/2017_10111045.jpg,a73_landmark,
79,images/train2017/2017_10761640.jpg,a73_landmark,
80,images/train2017/2017_11066321.jpg,a73_landmark,
81,images/train2017/2017_11151597.jpg,a73_landmark,
82,images/train2017/2017_11201153.jpg,a73_landmark,
83,images/train2017/2017_28559615.jpg,a74_address_current_complete,
84,images/train2017/2017_94974467.jpg,a74_address_current_complete,
85,images/val2017/2017_17802035.jpg,a74_address_current_complete,
86,images/train2017/2017_10898313.jpg,a75_address_current_partial,
87,images/train2017/2017_11954936.jpg,a75_address_current_partial,
88,images/train2017/2017_13240844.jpg,a75_address_current_partial,
89,images/train2017/2017_13694602.jpg,a75_address_current_partial,
90,images/train2017/2017_17377979.jpg,a75_address_current_partial,
91,images/val2017/2017_99502020.jpg,a78_address_home_complete,
92,images/train2017/2017_49921924.jpg,a79_address_home_partial,
93,images/train2017/2017_17414694.jpg,a82_date_time,
94,images/train2017/2017_20799368.jpg,a82_date_time,
95,images/train2017/2017_21059507.jpg,a82_date_time,
96,images/train2017/2017_21059669.jpg,a82_date_time,
97,images/train2017/2017_22969281.jpg,a82_date_time,
98,images/train2017/2017_23052062.jpg,a85_username,
99,images/train2017/2017_40834142.jpg,a85_username,
100,images/train2017/2017_82525898.jpg,a85_username,
101,images/train2017/2017_89087551.jpg,a85_username,
102,images/val2017/2017_16927002.jpg,a85_username,
103,images/train2017/2017_33383888.jpg,a90_email,
104,images/train2017/2017_46239101.png,a90_email,
105,images/train2017/2017_79057965.jpg,a90_email,
106,images/val2017/2017_58294477.jpg,a90_email,
107,images/val2017/2017_81486794.jpg,a90_email,
108,images/train2017/2017_37061985.png,a92_email_content,
109,images/train2017/2017_56877827.jpg,a92_email_content,
110,images/val2017/2017_82353867.jpg,a92_email_content,
111,images/train2017/2017_57757558.jpg,a97_online_conversation,
112,images/val2017/2017_41486498.jpg,a102_vehicle_ownership,
113,images/train2017/2017_10494372.jpg,a103_license_plate_complete,
114,images/train2017/2017_11410320.jpg,a103_license_plate_complete,
115,images/train2017/2017_12269014.jpg,a103_license_plate_complete,
116,images/train2017/2017_14288929.jpg,a103_license_plate_complete,
117,images/train2017/2017_14420079.jpg,a103_license_plate_complete,
118,images/train2017/2017_13041724.jpg,a104_license_plate_partial,
119,images/train2017/2017_14821566.jpg,a104_license_plate_partial,
120,images/train2017/2017_16863267.jpg,a104_license_plate_partial,
121,images/train2017/2017_21389150.jpg,a104_license_plate_partial,
122,images/train2017/2017_26008690.jpg,a104_license_plate_partial,
